{
  "timestamp": "2026-04-13T20:54:46.460648",
  "num_repeticoes": 50,
  "aes": {
    "tamanhos": [
      16,
      32,
      64,
      128,
      256,
      512,
      1024,
      2048,
      4096
    ],
    "tempo_cifragem": [
      0.12145399814471602,
      0.010328000644221902,
      0.008378000347875059,
      0.008456000359728932,
      0.009332001209259033,
      0.009309996967203915,
      0.010142001556232572,
      0.012450001086108387,
      0.014598002308048308
    ],
    "tempo_decifragem": [
      0.007878001197241247,
      0.009155999287031591,
      0.007299999124370515,
      0.0072379992343485355,
      0.007695998647250235,
      0.0074059993494302034,
      0.0076880003325641155,
      0.0090120016830042,
      0.00908799993339926
    ],
    "integridade": [
      1.0,
      1.0,
      1.0,
      1.0,
      1.0,
      1.0,
      1.0,
      1.0,
      1.0
    ],
    "throughput_cifragem": [
      131737.1205922388,
      3098373.160724259,
      7639054.349792733,
      15137180.056139827,
      27432486.801009167,
      54994647.345601626,
      100966263.347763,
      164497977.61745918,
      280586337.3334141
    ]
  },
  "rsa": {
    "tamanhos": [
      16,
      32,
      64,
      128
    ],
    "tempo_cifragem": [
      0.059726000181399286,
      0.044552001054398715,
      0.04510599886998534,
      0.043119999463669956
    ],
    "tempo_decifragem": [
      0.8082860009744763,
      0.8068879996426404,
      0.8050299994647503,
      0.80444399965927
    ],
    "integridade": [
      1.0,
      1.0,
      1.0,
      1.0
    ],
    "throughput_cifragem": [
      267890.03032858286,
      718261.7894295584,
      1418880.0071687847,
      2968460.1482392014
    ]
  },
  "comparacao_keygen": {
    "aes_media": 0.0010700011625885963,
    "aes_std": 0.0006594704805273323,
    "rsa_media": 32.949047998990864,
    "rsa_std": 18.63276348953924
  }
}