{
  "timestamp": "2026-04-21T18:40:40.916912",
  "num_repeticoes": 30,
  "protocolo": "BB84 com melhorias (Qiskit)",
  "experimento_1_qubits": {
    "tamanhos": [
      16,
      32,
      64,
      128,
      256,
      512,
      1024
    ],
    "qber_media": [
      0.0,
      0.0,
      0.0,
      0.0,
      0.0,
      0.0,
      0.0
    ],
    "qber_std": [
      0.0,
      0.0,
      0.0,
      0.0,
      0.0,
      0.0,
      0.0
    ],
    "taxa_media": [
      0.4625,
      0.48542,
      0.5098866666666667,
      0.51615,
      0.5003966666666666,
      0.5025299999999999,
      0.4974
    ],
    "chave_media": [
      1.0,
      1.0,
      2.8666666666666667,
      24.3,
      61.93333333333333,
      140.93333333333334,
      256.0
    ],
    "tempo_media": [
      1.1053333333333335,
      1.5610000000000002,
      2.9906666666666655,
      4.657666666666667,
      8.87,
      20.935333333333332,
      73.40633333333334
    ],
    "tempo_std": [
      0.10320637361885918,
      0.20596682580778233,
      0.7953445095610385,
      0.25289896972682374,
      0.29181044075449636,
      0.5181745737576177,
      2.241793156282613
    ],
    "entropia_media": [
      0.0,
      0.0,
      0.5780806666666666,
      0.9591479999999998,
      0.9892444333333332,
      0.9969736,
      0.9953493333333335
    ]
  },
  "experimento_2_ruido": {
    "niveis_ruido": [
      0.0,
      0.01,
      0.02,
      0.05,
      0.08,
      0.1,
      0.15,
      0.2,
      0.25
    ],
    "qber_media": [
      0.0,
      0.009898733333333331,
      0.02199373333333333,
      0.043046266666666666,
      0.07424066666666665,
      0.08506649999999999,
      0.1439106,
      0.17957986666666667,
      0.20480133333333336
    ],
    "qber_std": [
      0.0,
      0.008231664080177767,
      0.013598767372898994,
      0.019769806785320105,
      0.022614175208385462,
      0.030426987113142394,
      0.024185191745639174,
      0.02688313889377917,
      0.03080694951612199
    ],
    "chave_segura_pct": [
      100.0,
      96.66666666666667,
      90.0,
      80.0,
      80.0,
      70.0,
      40.0,
      13.333333333333334,
      10.0
    ],
    "identicas_pct": [
      100.0,
      90.0,
      73.33333333333333,
      36.666666666666664,
      10.0,
      10.0,
      0.0,
      0.0,
      0.0
    ],
    "chave_media": [
      62.6,
      60.8,
      58.2,
      61.06666666666667,
      61.93333333333333,
      65.16666666666667,
      83.5,
      101.16666666666667,
      101.86666666666666
    ],
    "tempo_media": [
      8.992333333333333,
      11.204666666666668,
      11.150666666666666,
      11.236,
      11.186000000000002,
      11.741666666666665,
      11.296999999999999,
      11.286,
      11.291
    ]
  },
  "experimento_3_interceptacao": {
    "n_qubits": 256,
    "sem_eva_qber_media": 0.0,
    "sem_eva_qber_std": 0.0,
    "sem_eva_seguras": 30,
    "sem_eva_pct": 100.0,
    "com_eva_qber_media": 0.24475136666666666,
    "com_eva_qber_std": 0.09118948688947402,
    "com_eva_seguras": 2,
    "com_eva_pct": 93.33333333333333
  },
  "experimento_4_comparacao": {
    "n_qubits": 256,
    "nivel_ruido": 0.03,
    "bb84_original": {
      "qber_media": 0.026421200000000002,
      "chave_media": 108.73333333333333,
      "identicas_pct": 6.666666666666667
    },
    "com_melhorias": {
      "qber_media": 0.009401933333333334,
      "chave_media": 56.233333333333334,
      "identicas_pct": 63.33333333333333
    }
  }
}